ID	Sequence	Proteins	Positions
pep_fc539	GYEDGGIHLECRSTGWYPQPQIQWSDAK	prot_502d0;prot_4db40;prot_2d984;prot_49975	155;132;113;113
pep_1c9c3e	NDNDNIFLSPLSISTAFAMTKLGACNDTLQQLMEVFK	prot_3c560	102
pep_1e5ccd	NYWGSVRR	prot_4fb62	632
pep_273223	TGTLIALDVLLQQLQSEGLLGPFSFVR	prot_1d732;prot_1195f;prot_2a631;prot_465c9	1026;1026;848;848
pep_6804d	GYEDGGIHLECRSTGWYPQPQIQWSDAK	prot_502d0;prot_4db40;prot_2d984;prot_49975	155;132;113;113
pep_b14d6	MANLFIRKMVNPLLYLRRHTVKPRALSTFLFGSIR	prot_8910	0
pep_124494	VLSKQPSFRKLVEHK	prot_49c63;prot_3ddaf;prot_6110;prot_dd5d;prot_4b3ed;prot_357e6;prot_4cfe2	1001;1000;999;999;1000;999;1000
pep_14b965	MGRRKSKR	prot_d635;prot_2c2a2;prot_9f84;prot_376ea;prot_46d3c;prot_21a37	0;0;0;0;0;0
pep_14d8df	MLSAVTDLGSIESTVS	prot_26624;prot_52677;prot_78e3	0;0;0
pep_110ed	DCKCTA	prot_44887;prot_4e1e8;prot_4c598;prot_259b2;prot_10660;prot_16458;prot_45811;prot_27666;prot_1f20a;prot_31ccb;prot_2c84f;prot_15536;prot_4da28;prot_2c956;prot_3bd1;prot_1b084;prot_4b785;prot_134f4;prot_2e5e4;prot_4c0ae;prot_557c;prot_ea1;prot_2d312;prot_4154a;prot_1d01b;prot_2e06d;prot_5319f;prot_1537e;prot_276d9;prot_48480;prot_112a3;prot_4dc5e;prot_30028;prot_3f325;prot_2988c;prot_354ee;prot_eb0b;prot_382d8;prot_4342b;prot_37ea8;prot_51161;prot_30e64;prot_172c3;prot_426c6;prot_ef16;prot_22c60;prot_1d84a;prot_11642;prot_83b1;prot_98bf;prot_54d29;prot_22841;prot_2df93;prot_4b2be;prot_50b36;prot_550a2;prot_4313f;prot_415ef;prot_35a09;prot_22b6;prot_2ecf8;prot_194a7;prot_50ddc;prot_26e58;prot_515ca;prot_34931;prot_3b5a;prot_2a03d;prot_1273;prot_4d27c;prot_36310;prot_27451;prot_23c39;prot_e33f;prot_3bbe7;prot_8f5c;prot_2dd1a;prot_433b5;prot_2805d;prot_275e;prot_34b9b;prot_33481;prot_1b8aa;prot_1bc3e;prot_11432;prot_4eb42;prot_50856;prot_291ed;prot_2c0e7;prot_2b88e;prot_3fcf9;prot_26bc5;prot_4adda;prot_17071;prot_3633c;prot_359a1;prot_1d601;prot_7735;prot_27f54;prot_f61e;prot_43a7c;prot_4b252;prot_d0be;prot_12f80;prot_158fe;prot_311b1;prot_86a2;prot_4f888;prot_33877;prot_3817b;prot_6798;prot_9552;prot_1d1fd;prot_196cf;prot_2b923;prot_27ae7;prot_34a1e;prot_40521;prot_29b30;prot_4ddd7;prot_2e6a7;prot_535e1;prot_3795;prot_20063;prot_2dc27;prot_7564;prot_210a1;prot_41359;prot_1042a;prot_47eb6;prot_3b34c;prot_15c0b;prot_1c0c;prot_2f979;prot_357b2;prot_4f748;prot_28392;prot_236e6;prot_4e715;prot_2ebfe;prot_439ea;prot_37ce6;prot_20acc;prot_16353;prot_12798;prot_14a00	1271;1271;1271;1271;1271;1271;1271;1271;1271;1271;1271;1271;1271;1271;1271;1271;1271;1271;1271;1271;1271;1271;1271;1271;1271;1271;1271;1271;1271;1271;1271;1271;1271;1271;1271;1271;1271;1271;1271;1271;1271;1271;1271;1271;1271;1271;1271;1271;1271;1271;1271;1271;1271;1271;1271;1271;1271;1271;1271;1271;1271;1271;1271;1271;1271;1271;1271;1271;1271;1271;1271;1271;1271;1271;1271;1271;1271;1271;1271;1271;1271;1271;1271;1271;1271;1271;1271;1271;1271;1271;1271;1271;1271;1271;1271;1271;1271;1271;1271;1271;1271;1271;1271;1271;1271;1271;1271;1271;1271;1271;1271;1271;1271;1271;1271;1271;1271;1271;1271;1271;1271;1271;1271;1271;1271;1271;1271;1271;1271;1271;1271;1271;1271;1271;1271;1271;1271;1271;1271;1271;1271;1271;1271;1271;1271;1271
pep_2a87b5	HSLASNRVQHSVAPTKVSMQFASTLKTARW	prot_2ff90	113
pep_414c0a	LREEREKRRRQELERQYRKEEELQQEEEQL	prot_24fe7;prot_367d4	1093;1093
pep_46dedd	MKRCWDQDPKKRLCF	prot_30d25	263
pep_62554a	SKQPSFRKLVEHKQNSSLSEIIL	prot_49c63;prot_3ddaf;prot_6110;prot_dd5d;prot_4b3ed;prot_357e6;prot_4cfe2	1003;1002;1001;1001;1002;1001;1002
